ID,Card Name,Rarity,Type,Target,Cost,Description,伤害值,削韧值,格挡值,特殊值,费用+,Description+,伤害值+,削韧值,格挡值+,特殊值+,Path,Element,Versatility
Gepard1,Enduring Bulwark,UNCOMMON,SKILL,SELF,0,"Use 100 [hsrmod:ChargeIcon] , Gain !B! Block.",,,8,,,,,,12,,存护,,中
FuXuan1,"Known by Stars, Shown by Hearts",UNCOMMON,SKILL,ALL_ENEMY,2,"Exhaust. Gain !M! stack of Matrix-of-Prescience (damage received -50%, remove 1 stack at start of turn), and keep block for !M! turns.",,,,2,,,,,,3,存护,,中
Macrosegregation,Macro-segregation,RARE,POWER,SELF,3,"Innate. You are immune to Dexterity and Frail. Incoming Block gain +2, and only !M!% of Block is lost at the start of each turn.",,,,66,,,,,,50,存护,,高
ResonanceTransfer,Resonance Transfer,RARE,POWER,SELF,2,"When breaking Block, gain 1 layer of hsrmod:Quake , and get an innate card.",,,,,,"Innate. When dealing damage to an enemy with Block, gain 1 layer of hsrmod:Quake , and get an innate card.",,,,,存护,,低
TheArchitects,The Architects,RARE,ATTACK,ALL_ENEMY,2,"Trigger hsrmod:Quake to all enemies that has block, if breaks block, deal another damage with !M! % original damage.",,5,,50,,"Innate. Trigger hsrmod:Quake to all enemies, if breaks block, deal another damage with !M! % original damage.",,5,,100,存护,物理,低
Trailblazer7,Treasure of the Architects,UNCOMMON,SKILL,SELF,0,"Gain the following effect until end of turn: when using a skill card, gain !M! block.",,,,2,,"Innate. Gain the following effect until end of turn: when using a skill card, gain !M! block, for every enemy that has block, gain 1 more.",,,,,存护,,高
Trailblazer8,Action Beats Overthinking,UNCOMMON,POWER,SELF,2,"When playing a card, gain a Quake with damage equal to the block value of the card (if more than 0).",,,,,,"Innate. When playing a card, gain a Quake with damage equal to the block value of the card (if more than 0).",,,,,存护,物理,低
MetastaticField,Metastatic Field,UNCOMMON,SKILL,SELF_AND_ENEMY,1,Gain 1 layer of hsrmod:Quake ; you/the target gain !B!/4 Block.,,,4,,,Innate. Gain 1 layer of hsrmod:Quake ; you/the target gain !B!/4 Block.,,,6,,存护,,中
ThisIsMe,This Is Me,UNCOMMON,SKILL,SELF_AND_ENEMY,1,Replenish Dexterity up to !M!; you/the target gain !B!/4 Block.,,,10,2,,Innate. Replenish Dexterity up to !M!; you/the target gain !B!/4 Block.,,,12,,存护,,中
ConcertForTwo,Concert For Two,UNCOMMON,SKILL,SELF_AND_ENEMY,2,"Exhaust. Adjust your Block to !B!, adjust the target’s Block to !M!.",,,30,3,,"Innate. Exhaust. Adjust your Block to !B!, adjust the target’s Block to !M!.",,,40,4,存护,,高
DayOneOfMyNewLife,Day One of My New Life,COMMON,SKILL,SELF_AND_ENEMY,2,"Innate. Exhaust. Replenish PlatedArmor up to !M!, then you/the target gain !B!/4 Block.",,,10,4,,,,,15,6,存护,,中
DestinysThreadsForewoven,Destiny's Threads Forewoven,COMMON,SKILL,SELF_AND_ENEMY,1,"Use 80 [hsrmod:ChargeIcon] . Exhaust up to !M! cards from your hand, for each card exhausted, you gain !B! Block, the target gain 1 Block.",,,10,1,,"Innate. Use 80 [hsrmod:ChargeIcon] . Exhaust up to !M! cards from your hand, for each card exhausted, you gain !B! Block, the target gain 1 Block.",,,,2,存护,,中
Amber,Amber,COMMON,SKILL,ALL,0,"If you have no Block, gain !B!. For every enemy without block, it gains !M!.",,,10,2,,,,,15,,存护,,中
Burst,Burst,COMMON,ATTACK,ENEMY,1,"Deal !D! physical damage (!TR!). If breaks Block, a random Innate hand card costs 0 this turn.",5,2,,,,"Deal !D! physical damage (!TR!). If breaks Block, choose an Innate hand card to costs 0 this turn.",6,,,,存护,物理,中
Concentration,Concentration,COMMON,ATTACK,ENEMY,1,"Deal !D! physical damage (!TR!). If breaks Block, get 1 Innate cards.",5,2,,1,,"Deal !D! physical damage (!TR!). If breaks Block, choose 1 Innate cards to get.",6,,,,存护,物理,中
Quake,Quake,SPECIAL,ATTACK,ENEMY,0,Exhaust. Deal !D! physical damage (!TR!).,0,1,,,,,,5,,,存护,物理,无
Preservation,Preservation,SPECIAL,SKILL,NONE,-2,,,,,,,,,,,,存护,,
Qingque1,A Scoop of Moon,COMMON,SKILL,SELF,1,"Exhaust. Draw 1 card. NL !M!% chance: gain [E] used, !M!% chance: return to hand, !M! % chance not to exhaust.",,,,66,,,,,,75,繁育,,高
Yukong1,Emboldening Salvo,COMMON,SKILL,SELF,0,Gain Strength equal to the [E] amount (no more than the [E] limit). Removes after turn ends.,,,,0,,Gain Strength equal to the [E] amount (no more than the [E] limit + !M!) . Removes after turn ends.,,,,1,繁育,,中
Hanya1,"Samsara, Locked",COMMON,ATTACK,ENEMY,1,"Exhaust. Deal !D! physical damage (!TR!), apply !M! stacks of Burden (after becoming the target of a card, remove 1 stack, gain [E] , remove all stacks at turn start).",4,2,,2,,,,,,3,繁育,物理,中
ImbibitorLunae1,Dracore Libre,UNCOMMON,ATTACK,ENEMY,-1,"If X equals 0/1/2/3+, deal !D! imaginary damage (!TR!) 2/3/5/7 times. Gain 20 [hsrmod:ChargeIcon] for each [E] you *exhaust.",3,1,,,,,5,,,,繁育,虚数,低
Sparkle1,Red Herring,UNCOMMON,SKILL,SELF,1,"Exhaust. Draw cards equal to [E] , then kill your other copies of *Red *Herring.",,,,,,"Innate. Draw cards equal to [E] , then kill your other copies of *Dreamdiver.",,,,,繁育,,高
Sparkle2,The Hero with a Thousand Faces,UNCOMMON,SKILL,SELF,-1,"Exhaust. Use 110 [hsrmod:ChargeIcon] , gain 2X [E] (no more than twice the [E] limit), then kill your other copies of *The *Hero *with *a *Thousand *Faces.",,,,0,,"Exhaust. Use 110 [hsrmod:ChargeIcon] , gain 2X [E] (no more than twice the [E] limit + 1), then kill your other copies of *The *Hero *with *a *Thousand *Faces.",,,,1,繁育,,中
IntersegmentalMembrane,Intersegmental Membrane,RARE,POWER,SELF,2,"For each [E] used, gain !M! Block.",,,,2,,,,,,3,繁育,,高
SporeDischarge,Spore Discharge,RARE,POWER,SELF,2,"For each [E] you consume, apply 1 layer of hsrmod:Spore to a random enemy.",,,,,,"For each [E] you consume or recover, apply 1 layer of hsrmod:Spore to a random enemy.",,,,,繁育,,低
ExcitatoryGland,Excitatory Gland,RARE,POWER,SELF,3,"Gain [E] every turn. When you use [E] to 0 for the first time of the turn, gain [E].",,,,,,"Innate. Gain [E] every turn. When you use [E] to 0 for the first time of the turn, gain [E].",,,,,繁育,,中
SerfOfCalamity,Serf Of Calamity,UNCOMMON,POWER,SELF,3,"After dealing damage with a card, apply 1 layer of hsrmod:Spore to the target. For every !M! layers of hsrmod:Spore that burst, draw 1 card.",,,,3,2,,,,,,繁育,,中
FungalPustule,Fungal Pustule,UNCOMMON,SKILL,SELF,1,Exhaust. Gain !M! [E] and draw 1 card.,,,,2,,"Gain !M! [E] and draw 1 card, and this card’s cost and gain amounts increase by 1 for the rest of the battle.",,,,,繁育,,中
Sparkle3,Dreamwalker Fish,UNCOMMON,SKILL,SELF,1,"Exhaust. Gain [E] , select 1 card from your discard pile, then kill other copies of *Dreamwalker *Fish.",,,,,,"Gain [E] , select 1 card from your discard pile, then kill other copies of ""Dreamwalker Fish"".",,,,,繁育,,中
ImbibitorLunae2,Dragon Cleansing,UNCOMMON,ATTACK,ALL_ENEMY,1,"Use 140 [hsrmod:ChargeIcon] , Deal !D! imaginary damage (!TR!) to all enemies !M! times, then gain [E] [E] .",1,1,,3,,,3,,,,繁育,虚数,中
SwarmKingProgeny,Swarm King Progeny,COMMON,ATTACK,ENEMY,-1," hsrmod:Bounce X times: Deal !D! wind damage (!TR!), and apply 1 layer of hsrmod:Spore .",4,1,,,,,6,,,,繁育,风,低
PhenolCompounds,Phenol Compounds,COMMON,SKILL,SELF,1,"Use 80 [hsrmod:ChargeIcon] . After playing the next card this turn, recover [E] equal to the cost of those cards.",,,,1,,"Use 80 [hsrmod:ChargeIcon] . After playing the next card this turn, recover [E] equal to its cost and apply that many layers of hsrmod:Spore to a target.",,,,,繁育,,中
Propagation,Propagation,SPECIAL,SKILL,NONE,-2,,,,,,,,,,,,繁育,,
Luocha1,Prayer of Abyss Flower,UNCOMMON,SKILL,SELF,0,"Retain. Exhaust. Gain [E] and heal !M! HP (gain !M! temp HP if HP below 50%), dispel 1 random debuff, and Exhaust 1 card.",,,,2,,"Retain. Exhaust. Gain [E] and heal !M! HP (gain !M! temp HP if HP below 50%), dispel 1 random debuff, and Exhaust any number of cards.",,,,3,丰饶,,中
Blade1,,UNCOMMON,ATTACK,ALL_ENEMY,5,,,,6,,4,,,,,,丰饶,,
Lynx1,,COMMON,SKILL,SELF,1,,,,6,1,,,,,9,1,丰饶,,
Natasha1,,COMMON,SKILL,SELF,1,,,,8,,,,,,12,,丰饶,,
Fuxuan2,,UNCOMMON,ATTACK,ALL_ENEMY,1,,,2,9,6,,,,,12,9,丰饶,,
,,UNCOMMON,ATTACK,SELF,1,,2,2,9,1,,,3,3,12,1,丰饶,,
Bailu1,,UNCOMMON,SKILL,SELF,2,,,,20,2,,,,,,4,丰饶,,
Jingliu1,,UNCOMMON,SKILL,SELF,2,,,,,3,1,,,,,,丰饶,,
Blade2,,UNCOMMON,ATTACK,ENEMY,2,,,2,,,,,,,,,丰饶,,
Arlan1,,COMMON,ATTACK,ENEMY,0,,,2,,,,,,,,,丰饶,,
,,RARE,SKILL,SELF,1,,,,,,,,,,,,丰饶,,
,,RARE,POWER,SELF,2,,,,,2,,,,,,3,丰饶,,
,,RARE,POWER,SELF,2,,,,,20,,,,,,,丰饶,,
,,UNCOMMON,SKILL,SELF,-2,,,,,0,,,,,,,丰饶,,
,,COMMON,SKILL,SELF,0,,,,,,,,,,,,丰饶,,
Abundance,Abundance,SPECIAL,SKILL,NONE,-2,,,,,,,,,,,,丰饶,,
Qingque2,Right on the Tiles,COMMON,ATTACK,ALL_ENEMY,4,"When playing card, for every cost of the card, 50% chance: reduce cost by 1. hsrmod:Follow-Up when cost reaches 0. NL Gain [E] , Deal !D! Quantum damage (!TR!) to all enemies !M! times.",2,1,,2,,,,,,3,欢愉,量子,中
Herta1,"Fine, I'll Do It Myself",COMMON,ATTACK,ALL_ENEMY,1," hsrmod:Follow-Up when an enemy's HP drops below 50% during your turn. NL Deal !D! ice damage (!TR!) to all enemies. If any enemy's HP drops below 50%, repeat the process.",6,1,,,,,9,,,,欢愉,冰,低
March7th1,The Power of Cuteness,COMMON,SKILL,SELF,1,"Gain !B! Block, remove 1 stack of debuff, gain ""*Reinforce"" (when taking damage, if you have Block, gain a *Girl *Power card).",,,3,,,"Gain !B! Block, remove 1 stack of debuff, gain ""*Reinforce"" (when taking damage, if you have Block, gain !B! Block, and gain a *Girl *Power card).",,,,,欢愉,,高
March7th2,Girl Power,SPECIAL,ATTACK,SELF_AND_ENEMY,-2,"Exhaust. hsrmod:Follow-Up at the start of your turn. NL Gain !B! Block, deal !D! ice damage (!TR!) to a random enemy.",1,1,1,,,,,,,,欢愉,冰,无
Yanqing1,Amidst the Raining Bliss,UNCOMMON,ATTACK,ENEMY,2,"Use 140 [hsrmod:ChargeIcon] , Deal !D! ice damage (!TR!), if you have Block, deal the damage again; 60% chance to gain *One *With *the *Sword.",12,2,,3,,,15,,,,欢愉,冰,低
Yanqing2,One With the Sword,SPECIAL,ATTACK,ENEMY,-2,"Exhaust. At the start of the turn, hsrmod:Follow-Up if you haven't received unblocked damage since last turn. NL Deal !D! ice damage (!TR!), !M!% chance to apply 1 stack of hsrmod:Frozen.",8,1,,65,,,,,,,欢愉,冰,无
Clara1,Because We Are Family,UNCOMMON,SKILL,SELF,1,"At the start of turn, if you took damage after the last turn ended, hsrmod:Follow-Up . NL Gain !B! block, for every distinct card name in exhaust pile, gain 1 more.",,,3,,,"At the start of turn, if you took damage after the last turn ended, hsrmod:Follow-Up . NL Gain !B! block, for every distinct card name in exhaust pile, gain 1 more, for every occurence of the most frequent card in exhaust pile, gain 1 more.",,,,,欢愉,,高
Himeko1,Victory Rush,UNCOMMON,ATTACK,ALL_ENEMY,3,"After breaking an enemy, hsrmod:Follow-Up . Deal !D! fire damage (!TR!) to all enemies !M! times.",5,1,,2,,,,,,3,欢愉,火,中
JingYuan1,Prana Extirpated,UNCOMMON,ATTACK,ENEMY,10,"After playing a card, this card's cost -1. hsrmod:Follow-Up when cost reaches 0. NL Draw !M!, bounce !M!: deal !D! *lightning damage (!TR!) to random enemies.",4,1,,2,,,,,,3,欢愉,雷,低
TopazNumby1,Difficulty Paying?,UNCOMMON,POWER,SELF,1,"For every 2 Follow-Up, gain *Trotter *Market!?.",,,,2,,"For every 2 Follow-Up, gain *Trotter *Market!?+.",,,,,欢愉,,低
TopazNumby2,Trotter Market!?,SPECIAL,ATTACK,ENEMY,-2,Exhaust. hsrmod:Follow-Up when hsrmod:Follow-Up . Deal !D! fire damage (!TR!).,6,1,,,,Exhaust. hsrmod:Follow-Up when hsrmod:Follow-Up . Deal !D! fire damage (!TR!). Would prioritize target with lower health.,8,,,,欢愉,火,无
TopazNumby3,Future Market,UNCOMMON,ATTACK,ENEMY,1,"Deal !D! fire damage (!TR!), remove ""*Proof *of *Debt"" from the field, and apply ""*Proof of Debt"" (damage from hsrmod:Follow-Up cards is increased by !M!; hsrmod:Follow-Up prioritizes this target).",4,1,,2,,"Deal !D! fire damage (!TR!), remove ""*Proof *of *Debt"" from the field, and apply ""*Proof of Debt""* (damage from hsrmod:Follow-Up cards is increased by !M!; hsrmod:Follow-Up prioritizes this target).",6,,,3,欢愉,火,低
DrRatio1,Syllogistic Paradox,UNCOMMON,ATTACK,ENEMY,1,"Use 140 [hsrmod:ChargeIcon] , deal !D! imaginary damage (!TR!), apply ""*Wiseman's *Folly"", and gain !M! *Cogito, *Ergo *Sum.",5,3,,2,,,,,,3,欢愉,虚数,低
DrRatio2,Intellectual Midwifery,UNCOMMON,ATTACK,ENEMY,1,"Deal !D! + X imaginary damage (!TR!) (X equals the number of debuffs on the target); apply ""*Wiseman's *Folly"", and gain 1 *Cogito, *Ergo *Sum.",5,2,,1,,"Deal !D! + X imaginary damage (!TR!) (X equals the number of debuffs on the target); apply ""*Wiseman's *Folly"", and gain 1 *Cogito, *Ergo *Sum+.",7,,,,欢愉,虚数,中
DrRatio3,"Cogito, Ergo Sum",SPECIAL,ATTACK,ENEMY,-2,"Exhaust. After dealing damage to a target with ""*Wiseman's *Folly"", there is a 40% + X*20% chance to hsrmod:Follow-Up (X equals the number of debuffs). NL Deal !D! imaginary damage (!TR!).",5,1,,1,,"Exhaust. After dealing damage to a target with ""*Wiseman's *Folly"", there is a 40% + X*20% chance to hsrmod:Follow-Up (X equals the number of debuffs). NL Deal !D! + X imaginary damage (!TR!).",,,,,欢愉,虚数,无
Aventurine1,Roulette Shark,UNCOMMON,POWER,SELF,2,"When you take damage, if you have Block, gain 4 stacks of ""hsrmod:Blind-Bet"" ; after hsrmod:Follow-Up , gain 2 stacks of ""hsrmod:Blind-Bet"", up to 10 stacks. ",,,,,,"Innate. When you take damage, if you have Block, gain 4 stacks of ""hsrmod:BlindBet"" ; after hsrmod:Follow-Up , gain 2 stacks of ""hsrmod:Blind-Bet"", up to 10 stacks.",,,,,欢愉,虚数,中
Aventurine2,Cornerstone Deluxe,UNCOMMON,SKILL,SELF,1, hsrmod:Follow-Up when gain block via cards. Repeat !M! times: gain 1~!B! Block. Gain 1 Artifact.,,,7,1,,,,,,2,欢愉,,低
Aventurine3,Bingo!,SPECIAL,ATTACK,SELF_AND_ENEMY,1,"Exhaust. hsrmod:Follow-Up at the start or end of your turn. NL Deal 1~!D! imaginary damage (!TR!), gain 1~!B! block.",7,1,7,,0,,,,,,欢愉,虚数,无
Robin1,Impromptu Flourish,UNCOMMON,SKILL,SELF,-1,"Draw X cards, use X cards in hand from left to right, if it is hsrmod:Follow-Up card, trigger its hsrmod:Follow-Up .",,,,,,"Draw X cards, use X cards in hand from left to right, if it is hsrmod:Follow-Up card, trigger its hsrmod:Follow-Up , and the card will not reduce X.",,,,,欢愉,,中
Robin2,"Vox Harmonique, Opus Cosmique",UNCOMMON,SKILL,SELF,1,"Use 140 [hsrmod:ChargeIcon] , draw !M! cards, gain the following effect: after using an attack card, gain Strength equal to the cost of that card. At start of next turn, remove this effect and Strength gained through this effect.",,,,3,,"Use 140 [hsrmod:ChargeIcon] , draw !M! cards, gain the following effect: after using an attack card, gain Strength equal to the cost of that card, if it is a Follow-Up card, gain 20 [hsrmod:ChargeIcon] . At start of next turn, remove this effect and Strength gained through this effect.",,,,4,欢愉,,高
Jade1,Fang of Flare Flaying,UNCOMMON,ATTACK,ALL_ENEMY,1,"After drawing cards, hsrmod:Follow-Up . Lose 2 HP, draw !M! cards, deal quantum damage based on hand size (!D!) to all enemies.",0,1,,2,,,,,,3,欢愉,量子,中
Yunli1,"Earthbind, Etherbreak",UNCOMMON,ATTACK,ALL_ENEMY,-2,"Retain. When attacked, damage received -!M!, gain 10 [hsrmod:ChargeIcon] . NL At the start of turn, if you took damage since last turn, hsrmod:Follow-Up . NL Repeat until [hsrmod:ChargeIcon] is insufficient: use 120 [hsrmod:ChargeIcon] , hsrmod:Bounce 2: deal !D! physical damage (!TR!).",5,1,,2,,,,,,4,欢愉,物理,中
Sunday1,Benison of Paper and Rites,UNCOMMON,SKILL,SELF_AND_ENEMY,1,"Gain !M! stacks of Strength, select 1 hand card to hsrmod:Follow-Up to target.",,,,2,,"Gain !M! stacks of Strength, removes a debuff, and select 1 hand card to hsrmod:Follow-Up to target.",,,,3,欢愉,,中
BattlefieldMagician,BattlefieldMagician,RARE,POWER,SELF,2,"After you hsrmod:Follow-Up , gain !M! Block.",,,,3,,"After using a hsrmod:Follow-Up card, gain !M! Block.",,,,4,欢愉,,低
SlaughterhouseNo4RestInPeace,Slaughterhouse No.4 RestInPeace,RARE,POWER,SELF,2,"Toughness reduction of hsrmod:Follow-Up damage +1. After you hsrmod:Follow-Up and deal damage, if the target has hsrmod:Broken, there is a !M!% chance to draw 1 card.",,,,80,,"Toughness reduction of hsrmod:Follow-Up cards +1. After using a hsrmod:Follow-Up card and dealing damage, if the target has/doesn't have hsrmod:Broken, there is a !M!%/20% chance to draw 1 card.",,,,,欢愉,,低
UselessScholar,Useless Scholar,RARE,POWER,SELF,3,"After you hsrmod:Follow-Up , if you have 50 [hsrmod:ChargeIcon] , there is a !M!% chance to use it and hsrmod:Follow-Up another hsrmod:Follow-Up card.",,,,66,,"Innate. After using a hsrmod:Follow-Up card, if you have 50 [hsrmod:ChargeIcon] , there is a !M!% chance to use it and hsrmod:Follow-Up another hsrmod:Follow-Up card.",,,,,欢愉,,低
BountyHunter,Bounty Hunter,RARE,POWER,SELF,1,"After you hsrmod:Follow-Up , there is a !M!% chance to return the card to your hand.",,,,25,,"After using a hsrmod:Follow-Up card, there is a !M!% chance to return the card to your hand.",,,,,欢愉,,低
ChampionsDinnerCatsCradle,ChampionsDinnerCatsCradle,RARE,POWER,SELF,2,"Cards that uses [hsrmod:ChargeIcon] are regarded as hsrmod:Follow-Up cards, when uses [hsrmod:ChargeIcon] , !M! chance to hsrmod:Follow-Up one of them without using charge. ",,,,75,,"Innate. Cards that uses [hsrmod:ChargeIcon] are regarded as hsrmod:Follow-Up cards, when uses [hsrmod:ChargeIcon] , !M! chance to hsrmod:Follow-Up one of them without using charge. ",,,,,欢愉,,中
VineyardAgainstTheNight,Vineyard Against The Night,UNCOMMON,SKILL,SELF,1,Gain 1 stack of hsrmod:Aftertaste.,,,,,,Innate. Exhaust. Gain 1 stack of hsrmod:Aftertaste.,,,,,欢愉,,低
Elation,Elation,SPECIAL,SKILL,NONE,-2,,,,,,,,,,,,欢愉,,
Sushang2,Cut With Ease,COMMON,SKILL,SELF,1,"Obtain from draw pile upon hsrmod:break. NL Exhaust. Gain !M! hsrmod:Break-Effect, if there's hsrmod:broken enemy, gain [E] [E].",,,,2,,"Obtain from draw pile upon hsrmod:break. NL Exhaust. Gain !M! hsrmod:Break-Effect, if there's hsrmod:broken enemy, gain [E] [E] , draw !M! cards.",,,,,毁灭,,高
Sushang3,Vanquisher,COMMON,ATTACK,ENEMY,1,"Multi-upgradable. Toughness reduction +1 upon upgrade. NL Deal !D! phyical damage (!TR!), if hsrmod:break, exhaust and upgrade permanently.",5,2,,,,,,,,,毁灭,物理,中
Xueyi1,Karmic Perpetuation,COMMON,ATTACK,ENEMY,8,"After reducing toughness, cost reduces an equivalent value. hsrmod:Follow-Up when [E] reaches 0. NL Deal Quantum damage (!TR!) equal to the target's toughness value.",,3,,,,,,6,,,毁灭,量子,中
Gallagher1,Champagne Etiquette,COMMON,ATTACK,ALL_ENEMY,1,"Use 110 [hsrmod:ChargeIcon] , deal !D! fire damage (!TR!) to all enemies. If breaks, apply hsrmod:Block-Return and draw 1.",3,3,,,,"Use 110 [hsrmod:ChargeIcon] , deal !D! fire damage (!TR!) to all enemies. If it has hsrmod:Broken, apply hsrmod:Block-Return and draw 1.",4,4,,,毁灭,火,高
RuanMei1,String Sings Slow Swirls,UNCOMMON,SKILL,SELF,1,Gain !M! stacks of hsrmod:Break-Efficiency and hsrmod:Break-Effect .,,,,2,,,,,,3,毁灭,,中
RuanMei2,"Petals to Stream, Repose in Dream",UNCOMMON,SKILL,SELF,1,"Use 130 [hsrmod:ChargeIcon] , apply 1 stack of ""*Thanatoplum *Rebloom"" to all enemies (upon losing hsrmod:Broken, remove 1 stack and prevent it).",,,,1,0,,,,,,毁灭,,中
Trailblazer5,All-Out Footlight Parade,UNCOMMON,POWER,SELF,2,"Use 140 [hsrmod:ChargeIcon] . After the first damage dealt by a card you use, if the target has hsrmod:Broken, deal Super hsrmod:Break-Damage equal to the toughness reduction value.",,,,2,,"Innate. Use 140 [hsrmod:ChargeIcon] . After the first damage dealt by a card you use, if the target has hsrmod:Broken, deal hsrmod:Break-Damage equal to the toughness reduction value.",,,,3,毁灭,,低
Trailblazer6,Dance With the One,UNCOMMON,SKILL,SELF,1,"Gain !M! stacks of hsrmod:Break-Effect . If you haven’t used ""*All-Out *Footlight *Parade"", gain it, otherwise gain another !M! stacks of hsrmod:Break-Effect .",,,,2,,"Innate. Gain !M! stacks of hsrmod:Break-Effect . If you haven’t used ""*All-Out *Footlight *Parade"", gain it, otherwise gain another !M! stacks of hsrmod:Break-Effect .",,,,3,毁灭,,低
Boothill1,Sizzlin' Tango,UNCOMMON,ATTACK,ENEMY,2,"Deal physical damage (!TR!) based on hsrmod:Break-Effect value !M! times. If break, deal hsrmod:Break-Damage equal to its hsrmod:Toughness limit, otherwise return card to hand.",4,4,,2,,,,,,3,毁灭,物理,低
Boothill2,Fanning the Hammer,UNCOMMON,ATTACK,ENEMY,1,"Deal !D! physical damage (!TR!). If not hsrmod:broken, return the card to hand.",4,7,,,,,5,10,,,毁灭,物理,中
Firefly1,"From Shattered Sky, I Free Fall",UNCOMMON,ATTACK,ENEMY,1,"Deal !D! fire damage (!TR!). If it has hsrmod:broken, deal 50% hsrmod:break damage equal to toughness reduction, and return the card to hand.",3,3,,,,,4,4,,,毁灭,火,低
Firefly2,"In Finalized Morrow, I Full Bloom",UNCOMMON,POWER,SELF,0,"Use 240 [hsrmod:ChargeIcon] , Lose !M! HP. After break, deal hsrmod:Break-Damage equal to its hsrmod:Toughness limit, gain 1 stack of hsrmod:Break-Efficiency , and add ""*Falling *From *A *Shattered *Sky"" to your hand.",,,,3,,"Gain 120 [hsrmod:ChargeIcon] when this card apprears in your hand. Use 240 [hsrmod:ChargeIcon] , Lose !M! HP. After break, deal hsrmod:Break-Damage equal to its hsrmod:Toughness limit, gain 1 stack of hsrmod:Break-Efficiency , and add ""*Falling *From *A *Shattered *Sky"" to your hand.",,,,,毁灭,,低
Lingsha1,Dripping Mistscape,UNCOMMON,ATTACK,ENEMY,1,"Use 110 [hsrmod:ChargeIcon] , deal !D! fire damage (!TR!), apply ""*Befog"" (Remove after break, gain [E] [E] , draw !M! cards).",3,3,,2,,"Use 110 [hsrmod:ChargeIcon] , deal !D! fire damage (!TR!), apply ""*Befog"" (Remove after break, gain [E] [E] , draw !M! cards, and upgrade all cards in hand).",,,,,毁灭,火,中
Rappa1,Ninja Tech: Endurance Gauge,UNCOMMON,ATTACK,ALL_ENEMY,1,"Gain 1 stack of hsrmod:Break-Effect , deal !D! imaginary damage (!TR!) to all enemies. If breaks, repeat the process.",3,3,,1,,,4,4,,2,毁灭,虚数,低
Fugue1,Fortune Follows Where Virtue Spreads,UNCOMMON,SKILL,ENEMY,1,"Ethereal, adjust toughness of enemy towards !M! (max change !M! stacks), and apply Cloudflame Luster (Upon break, adjust toughness to !M!).",,,,4,,"Adjust toughness of all enemies towards !M! (max change !M! stacks), and apply Cloudflame Luster (Upon break, adjust toughness to !M!, and gain [E] ).",,,,,毁灭,火,低
Symbiote,Symbiote,RARE,POWER,SELF,2,"After break, if first time on this turn, gain [E] [E] . After dealing hsrmod:Break-Damage , draw 1 card.",,,,,,"After break, if first time on this turn, gain [E] [E] , otherwise, gain [E] . After dealing hsrmod:Break-Damage , draw 1 card.",,,,,毁灭,,低
RegressionInequalityOfAnnihilation,Regression Inequality Of Annihilation,RARE,SKILL,ALL,1,"All entities (including you) evenly distribute hsrmod:Toughness, with your weight being !M!.",,,,1,,,,,,2,毁灭,,中
CourtOfHomogeneity,Court Of Homogeneity,RARE,ATTACK,ENEMY,-1,"Exhaust. Discard all hand cards, deal !D! fire damage (!TR!). If its hsrmod:Toughness is less than yours, deal hsrmod:Break-Damage equal to the difference.",8,8,,,,"Discard all hand cards, deal !D! fire damage (!TR!). If its hsrmod:Toughness is less than yours, deal hsrmod:Break-Damage equal to the difference.",12,12,,,毁灭,火,低
VoyageMonitor,Voyage Monitor,RARE,POWER,SELF,2,"For every !M! toughness reduced, gain 1 block.",,,,2,,"Innate. For every !M! toughness reduced, gain 1 block.",,,,,毁灭,,高
DisruptivePulse,Disruptive Pulse,RARE,ATTACK,ENEMY,2,"Use 80 [hsrmod:ChargeIcon] , deal !D! fire damage (!TR!). If break, deal hsrmod:break damage equal to toughness reduced, and gain [hsrmod:ChargeIcon] and [E] to limit.",6,6,,,,,9,9,,,毁灭,火,低
PreBattleCaregiver,Pre-Battle Caregiver,UNCOMMON,SKILL,SELF_AND_ENEMY,1,Exhaust. The target and you gain block to its toughness value.,,,,,,Exhaust. The target and you gain block to the total toughness value of the target and you.,,,,,毁灭,物理,中
NightBeyondPyre,Night Beyond Pyre,COMMON,SKILL,SELF,0,"Exhaust. If you don't have any, gain !M! stacks of hsrmod:Break-Efficiency . If you don't have any, draw !M! cards.",,,,2,,"Innate. If you don't have any, gain !M! stacks of hsrmod:Break-Efficiency . If you don't have any, draw !M! cards.",,,,,毁灭,,中
StarcrusherWorker,Starcrusher Worker,COMMON,SKILL,ENEMY,0,"Remove !M! stacks of hsrmod:Toughness (retain at least 1 stack). If your hsrmod:Toughness is less than the target's, gain equal hsrmod:Toughness.",,,,5,,,,,,8,毁灭,,低
CleftSingularity,Cleft Singularity,COMMON,SKILL,SELF,1,Exhaust. Gain !M! stacks of hsrmod:Break-Effect .,,,,5,,,,,,7,毁灭,,低
Destruction,Destruction,SPECIAL,SKILL,NONE,-2,,,,,,,,,,,,毁灭,,
March7th3,Glacial Cascade,COMMON,ATTACK,ALL_ENEMY,2,"Use 120 [hsrmod:ChargeIcon] , deal !D! ice damage (!TR!) to all enemies, and apply !M! stack of hsrmod:Frozen.",2,2,,2,,,,,,3,记忆,冰,中
Gepard2,,UNCOMMON,ATTACK,ENEMY,2,,5,2,5,,,,,,8,,记忆,,
Yanqing2x,One With the Sword,SPECIAL,ATTACK,ENEMY,-2,"Exhaust. At the start of the turn, hsrmod:Follow-Up if you haven't received unblocked damage since last turn. NL Deal !D! ice damage (!TR!), !M!% chance to apply 1 stack of hsrmod:Frozen.",8,1,,65,,,,,,,记忆,冰,无
,,RARE,POWER,SELF,2,,,,,,,,,,,,记忆,,
,,COMMON,SKILL,ENEMY,1,,,,,,,,,,,,记忆,,
Misha1,,COMMON,SKILL,ENEMY,-2,,,,,3,,,,,,4,记忆,,
Jingliu2,,UNCOMMON,SKILL,ENEMY,1,,,,,,,,,,,,记忆,,
,,COMMON,SKILL,SELF,-2,,,,,,,,,,,,记忆,,
,,RARE,SKILL,ALL_ENEMY,1,,,,,3,,,,,,4,记忆,,
Yanqing1x,,RARE,ATTACK,ENEMY,4,,12,3,,,,,16,,,,记忆,,
Pela2,,COMMON,ATTACK,ENEMY,2,,6,2,,,,,10,,,,记忆,,
,,COMMON,SKILL,SELF,2,,,,,,,,,,,,记忆,,
Seele1x,,COMMON,ATTACK,ENEMY,5,,10,3,,,4,,,,,,记忆,,
,,,,,,,,,,,,,,,,,记忆,,
,,,,,,,,,,,,,,,,,记忆,,
,,,,,,,,,,,,,,,,,记忆,,
Remembrance,Remembrance,SPECIAL,SKILL,NONE,-2,,,,,,,,,,,,记忆,,
Trailblazer1,RIP Home Run,BASIC,ATTACK,ENEMY,1,Deal !D! physical damage (!TR!).,6,2,,,,,9,,,,开拓,物理,无
March7th0,Frigid Cold Arrow,BASIC,ATTACK,ENEMY,1,Deal !D! ice damage (!TR!).,6,2,,,,,9,,,,开拓,冰,无
Danheng0,Cloudlancer Art: North Wind,BASIC,ATTACK,ENEMY,1,Deal !D! wind damage (!TR!).,6,2,,,,,9,,,,开拓,风,无
Himeko0,Sawblade Tuning,BASIC,ATTACK,ENEMY,1,Deal !D! fire damage (!TR!).,6,2,,,,,9,,,,开拓,火,无
Welt0,Gravity Suppression,BASIC,ATTACK,ENEMY,1,Deal !D! imaginary damage (!TR!).,6,2,,,,,9,,,,开拓,虚数,无
Trailblazer2,Stardust Ace,BASIC,ATTACK,ALL_ENEMY,0,"Use 120 [hsrmod:ChargeIcon] , deal !D! physical damage to all enemies (!TR!).",4,2,,,,,6,,,,开拓,物理,无
Trailblazer3,Ever-Burning Amber,BASIC,SKILL,SELF,1,Gain !B! Block.,,,5,,,,,,8,,开拓,,无
AstralExpress,Astral Express,BASIC,SKILL,SELF,2,Exhaust. Play all starter strike cards.,,,,,,Play all starter strike cards.,,,,,开拓,,无
Sampo1,Ricochet Love,COMMON,ATTACK,ENEMY,1," hsrmod:Bounce !M!: deal !D! wind damage (!TR!), and apply 1 hsrmod:Wind-Shear.",1,1,,3,,,,,,4,虚无,风,中
Pela1,Zone Suppression,COMMON,ATTACK,ALL_ENEMY,1,"Use 100 [hsrmod:ChargeIcon] , deal !D! ice damage (!TR!) to all enemies, and apply !M! stacks of Vulnerable.",5,2,,1,0,,,,,,虚无,冰,高
Serval1,Lightning Flash,COMMON,ATTACK,ALL_ENEMY,1,"Deal !D! *lightning damage (!TR!) to all enemies, and apply !M! stacks of hsrmod:Shock.",1,1,,2,,,2,,,3,虚无,雷,低
Luka1,Sky-Shatter Fist,COMMON,ATTACK,ENEMY,1,"Repeat !M! times: deal !D! physical damage (!TR!), apply 1 stack of hsrmod:Bleed.",1,1,,3,,,,,,4,虚无,物理,低
Guinaifen1,Blazing Welcome,COMMON,ATTACK,ENEMY,1,"Deal !D! fire damage (!TR!), apply !M! stacks of hsrmod:Burn and 1 stack of Vulnerable.",1,2,,2,,"Deal !D! fire damage (!TR!), apply !M! stacks of hsrmod:Burn, then apply 1 stack of Vulnerable to all enemies with hsrmod:Burn.",,,,3,虚无,火,中
Welt1,Edge of the Void,UNCOMMON,ATTACK,ENEMY,1," hsrmod:Bounce !M!: deal !D! imaginary damage, and apply 1 stack of hsrmod:Imprison.",4,1,,2,,,,,,3,虚无,虚数,中
SilverWolf1,User Banned,UNCOMMON,ATTACK,ENEMY,1,"Use 110 [hsrmod:ChargeIcon] . Deal !D! quantum damage (!TR!), trigger the following effects !M! times: NL 1. Apply 1 stack of Vulnerable. NL 2. Apply 1 stack of Weak.",6,4,,3,,"Use 110 [hsrmod:ChargeIcon] . Deal !D! quantum damage (!TR!), trigger the following effects !M! times: NL 1. Apply 1 stack of Vulnerable. NL 2. Apply 1 stack of Weak. NL 3. Reduce 1 stack of Strength.",,,,4,虚无,量子,中
Kafka1,Gentle but Cruel,UNCOMMON,ATTACK,ENEMY,1,"After using a card on an enemy with hsrmod:DoT , hsrmod:Follow-Up . Deal !D! *lightning damage (!TR!), trigger a random hsrmod:DoT !M! times, then apply !M! stacks of hsrmod:Shock.",1,2,,2,,,,,,3,虚无,雷,低
Kafka2,Twilight Trill,UNCOMMON,ATTACK,ALL_ENEMY,1,"Use 120 [hsrmod:ChargeIcon] , deal !D! *lightning damage (!TR!) to all enemies, trigger all their hsrmod:DoT s once, then apply !M! stacks of hsrmod:Shock.",2,2,,1,,,,,,2,虚无,雷,低
BlackSwan1,Loom of Fate's Caprice,UNCOMMON,ATTACK,ENEMY,1,"Deal !D! wind damage (!TR!), apply !M! stacks of hsrmod:Wind-Shear and 1 stack of ""*Epiphany"" (When hsrmod:DoT is triggered, hsrmod:DoT stacks are not removed; remove 1 stack at the end of the turn).",2,2,,2,,"Deal !D! wind damage (!TR!) to all enemies, apply !M! stacks of hsrmod:Wind-Shear and 1 stack of ""*Epiphany"" (When hsrmod:DoT is triggered, hsrmod:DoT stacks are not removed; remove 1 stack at the end of the turn).",,,,2,虚无,风,低
BlackSwan2,Bliss of Otherworld's Embrace,UNCOMMON,SKILL,ENEMY,2,"Use 120 [hsrmod:ChargeIcon] , apply 1 stack of hsrmod:Shock, 1 stack of hsrmod:Burn, 1 stack of hsrmod:Bleed, and !M! stacks of hsrmod:Wind-Shear.",,,,1,,,,,,5,虚无,,低
Acheron1,Slashed Dream Cries in Red,UNCOMMON,ATTACK,ALL_ENEMY,9,"Ethereal. After using a card, if it applied a debuff, gain 1 stack of ""hsrmod:Slashed-Dream"", stacking up to 12 stacks. ",5,1,,3,,"Innate. Ethereal. After using a card, if it applied a debuff, gain 1 stack of ""hsrmod:Slashed-Dream"", stacking up to 12 stacks. ",,,,,虚无,雷,低
Jiaoqiu1,Pyrograph Arcanum,UNCOMMON,ATTACK,ALL_ENEMY,2,"Use 100 [hsrmod:ChargeIcon] , gain !M! *Ashen *Roast cards, deal !D! fire damage (!TR!) to all enemies, and apply 1 stack of Vulnerable.",2,3,,3,,,,,,4,虚无,火,中
Jiaoqiu2,Ashen Roast,SPECIAL,ATTACK,ENEMY,0,"Exhaust. Deal !D! fire damage (!TR!), and apply 1 stack of hsrmod:Burn.",2,1,,,,,,,,,虚无,火,无
TheDoubtfulFourfoldRoot,The Doubtful Fourfold Root,RARE,SKILL,ALL_ENEMY,1,Increase all enemies' hsrmod:DoT stacks by 1.,,,,,,Increase all enemies' debuff stacks by 1.,,,,,虚无,,低
AllThingsArePossible,All Things Are Possible,RARE,POWER,SELF,3,"After you use an attack card, apply a hsrmod:DoT that the target doesn't have.",,,,,,"After you use an attack card, if the target has all hsrmod:DoT s, randomly trigger 1. Otherwise, apply a hsrmod:DoT the target doesn't have.",,,,,虚无,,高
AnExtraPersonsDiary,An Extra Persons Diary,RARE,POWER,SELF,1,"Toughness reduction value of hsrmod:DoT +1. After break, (X equals the target's hsrmod:Toughness limit / 10 + 1), apply X random hsrmod:DoT s.",,,,,,"Toughness reduction value of hsrmod:DoT +1. After break, (X equals the target's hsrmod:Toughness limit / 10 + 1), apply X random hsrmod:DoT s and gain [E] .",,,,,虚无,,中
ThePathless,The Pathless,RARE,SKILL,ALL_ENEMY,1,Exhaust. Apply 2 stack of Block-Return and !M! stacks of hsrmod:Suspicion to all enemies.,,,,10,,Innate. Exhaust. Apply 2 stack of Block Return and !M! stacks of hsrmod:Suspicion to all enemies.,,,,15,虚无,,高
ReignOfKeys,Reign of Keys,RARE,POWER,SELF,2,"When the enemy's hsrmod:DoT triggers in their turn, draw 1 card. When it triggers in your turn, stacks will not reduce.",,,,,,"When the enemy's hsrmod:DoT triggers, draw 1 card. If triggered in your turn, stacks will not reduce.",,,,,虚无,,低
FuneralOfSensoryPursuivant,Funeral Of Sensory Pursuivant,UNCOMMON,POWER,SELF,1,"After the enemy takes hsrmod:DoT damage, apply 3 stacks of hsrmod:Suspicion.",,,,,,"Innate. After the enemy takes hsrmod:DoT damage, apply 3 stacks of hsrmod:Suspicion. After hsrmod:DoT is applied, apply 1 stack of hsrmod:Suspicion.",,,,,虚无,,低
CallOfTheWilderness,Call Of The Wilderness,UNCOMMON,SKILL,ALL_ENEMY,1,Apply !M! stacks of Weak to all enemies.,,,,2,,"Apply !M! stacks of Weak to all enemies. If their Strength is not greater than yours, they lose !M! stacks of Strength.",,,,,虚无,,中
CommonMortal,Common Mortal,UNCOMMON,POWER,SELF,2,"After you Exhaust [hsrmod:ChargeIcon] , apply 1 random hsrmod:DoT to a random enemy. When you apply a hsrmod:DoT , gain !M! [hsrmod:ChargeIcon] .",,,,20,,"After you Exhaust [hsrmod:ChargeIcon] , apply 1 random hsrmod:DoT to a random enemy. When you apply a debuff, gain !M! [hsrmod:ChargeIcon] .",,,,30,虚无,,中
NightWatch,Night Watch,COMMON,SKILL,SELF,1,"For each type of hsrmod:DoT on the enemy with the most hsrmod:DoT s, gain 3 Block.",,,0,,,"For each type of debuff on the enemy with the most debuffs, gain 3 Block.",,,,,虚无,,低
SinThirster,Sin Thirster,COMMON,SKILL,SELF,1,"For each type of hsrmod:DoT on the enemy with the most hsrmod:DoT s, draw 1 card.",,,,,,"For each type of debuff on the enemy with the most debuffs, draw 1 card.",,,,,虚无,,低
OfferingsOfDeception,Offerings Of Deception,COMMON,SKILL,ALL_ENEMY,1,"Gain !B! Block, apply 1 hsrmod:DoT to all enemies without hsrmod:DoT s.",,,3,,,"Gain !B! Block, apply 1 hsrmod:DoT to all enemies without hsrmod:DoT s, reduce 1 stack of Strength from enemies with all hsrmod:DoT s.",,,5,,虚无,,中
Nihility,Nihility,SPECIAL,SKILL,NONE,-2,,,,,,,,,,,,虚无,,
March7th4,"Master, I've Ascended!",COMMON,SKILL,SELF,1,"When using other upgraded cards, draw number +1. hsrmod:Follow-Up when draw number reaches 7. NL Exhaust. Draw !M! cards.",,,,1,,"When using other upgraded cards, draw number +1. hsrmod:Follow-Up when draw number reaches 7. NL Draw !M! cards.",,,,,巡猎,,中
Bronya1,Combat Redeployment,UNCOMMON,SKILL,SELF,1,"Gain !M! stacks of Strength, select 1 card from the draw pile and add it to your hand.",,,,1,,"Innate. Gain !M! stacks of Strength, select 1 card from the draw pile and add it to your hand.",,,,,巡猎,,高
Seele1,Butterfly Flurry,UNCOMMON,ATTACK,ENEMY,2,"Multi-upgradable. Damage + !M! upon upgrade. NL Use 120 [hsrmod:ChargeIcon] , deal !D! quantum damage (!TR!), if fatal, gain [E] , return the card to hand, and upgrade permanently.",12,3,,3,,,,,,,巡猎,量子,中
Danheng1,Superiority of Reach,COMMON,ATTACK,ENEMY,0,"Upon obtaining, add 1 card from the draw pile to your hand. NL Deal !D! wind damage (!TR!) and shuffle this card into your draw pile.",2,1,,1,,,5,,,,巡猎,风,中
Moze1,Predator's Mark,COMMON,SKILL,ENEMY,1,"Apply !M! layers of Prey (for every 3 attack cards played against the target, remove 1 layer and add *Celestial *Dive, *Wing *Clip on top of draw pile).",,,,3,0,,,,,,巡猎,,中
Moze2,"Celestial Dive, Wing Clip",SPECIAL,ATTACK,ENEMY,0, hsrmod:Follow-Up when drawn. NL Exhaust. Deal !D! lightning damage (!TR!) and draw !M! cards.,1,1,,1,,,3,,,,巡猎,雷,无
March7th5,Feast in One Go,COMMON,SKILL,SELF,1,Upgrade all hand cards.,,,,,0,,,,,,巡猎,,中
Feixiao1,Thunderhunt,UNCOMMON,ATTACK,ENEMY,0,"After playing an attack card, if it and the top of the draw pile aren't ""Thunder Strike"", place a ""Thunder Strike"" on top of the draw pile. NL Exhaust. Deal !D! wind damage (!TR!).",1,1,,,,,3,,,,巡猎,风,低
Feixiao2,Terrasplit,UNCOMMON,ATTACK,ENEMY,6,"When using Attack card, the cost of this card -1. hsrmod:Follow-Up when cost is 0. NL Deal wind damage (!TR!) equal to the total attack cards played this combat (!D!).",0,1,,,,,,6,,,巡猎,风,中
RadiantSupreme,Radiant Supreme,RARE,POWER,SELF,1,"Upon using card, stack 1 for each condition met: 1. Single-target, 2. Attack card. NL For every !M! layer stacked, draw 1 and gain 2 hsrmod:Boost.",,,,8,,"Upon using card, stack 1 for each condition met: 1. Single-target card, 2. Attack card, 3. Upgraded card. NL For every !M! layer stacked, draw 1 and gain 2 hsrmod:Boost.",,,,,巡猎,,高
SovereignSkybreaker,Sovereign Skybreaker,RARE,POWER,SELF,1,"Upon using card, stack 1 for each condition met: 1.Single Target, 2. Skill card. For every !M! layer stacked, a random card's cost -1 for this turn, and gain 3 hsrmod:Boost.",,,,12,,"Upon using card, stack 1 for each condition met: 1.Single Target, 2. Skill card, 3. Upgraded card. For every !M! layer stacked, a random card's cost -1 for this turn, and gain 3 hsrmod:Boost.",,,,,巡猎,,中
SolemnSnare,Solemn Snare,UNCOMMON,SKILL,SELF,-1,"Use 100 [hsrmod:ChargeIcon] . Gain X layers of hsrmod:Boost , and all upgraded cards in hand cost 1 less this turn, with an additional -1 per upgrade level.",,,,,,"Use 100 [hsrmod:ChargeIcon] . Draw X cards, gain X layers of hsrmod:Boost , and reduce the cost of all upgraded cards in hand this turn by 1, with an additional -1 per upgrade level.",,,,,巡猎,,低
EmpyreanImperium,Empyrean Imperium,RARE,POWER,SELF,1,"For every !M! times the leftmost card is played, draw 1 card.",,,,2,,"For every !M! times the leftmost card is played, draw 1 card. Cards costing more than 0 count as 2 cards.",,,,,巡猎,,高
BorderstarGunslinger,Borderstar Gunslinger,UNCOMMON,SKILL,SELF,0,"Use 80 [hsrmod:ChargeIcon] . Discard any number of cards, for each card discarded, gain !M! Block.",,,,3,,"Use 80 [hsrmod:ChargeIcon] . Discard and upgrade any number of cards, for each card discarded, gain !M! Block.",,,,,巡猎,,低
GalaxyRanger,Galaxy Ranger,UNCOMMON,SKILL,SELF,1,"Discard any number of card, and draw twice of cards discarded.",,,,,,"Discard any number of card, and draw twice of cards discarded, and upgrade all cards discarded.",,,,,巡猎,,中
DisasterHaltingMechanism,Disaster Halting Mechanism,COMMON,SKILL,SELF,1,"Use 40 [hsrmod:ChargeIcon] . Gain Block equal to the number of cards in hand, and upgrade one of them.",,,,1,0,,,,,,巡猎,,中
TheHunt,TheHunt,SPECIAL,SKILL,NONE,-2,,,,,,,,,,,,巡猎,,
Tingyun1,Amidst the Rejoicing Clouds,COMMON,SKILL,SELF,0,"Use 10 [hsrmod:ChargeIcon] , Gain !M! [hsrmod:ChargeIcon] and 1 Strength.",,,,50,,"Use 10 [hsrmod:ChargeIcon] , Gain !M! [hsrmod:ChargeIcon] and 1 Strength. Get 1 card from draw pile.",,,,60,智识,,高
Huohuo1,Tail: Spiritual Domination,UNCOMMON,SKILL,SELF,0,"Exhaust. Use 140 [hsrmod:ChargeIcon] , gain [E] , and until the end of the turn, whenever you use a card, heal 1 temp HP, gain 10 [hsrmod:ChargeIcon] , and remove 1 stack of debuff.",,,,,,"Exhaust. Use 140 [hsrmod:ChargeIcon] , gain [E] , and until the end of the turn, whenever you use a card or use [hsrmod:ChargeIcon] , heal 1 temp HP, gain 10 [hsrmod:ChargeIcon] , and remove 1 stack of debuff.",,,,,智识,,中
Argenti1,"For In This Garden, Supreme Beauty Bestows",UNCOMMON,ATTACK,ALL_ENEMY,1,"Retain. Repeat until [hsrmod:ChargeIcon] is insufficient: NL Use 90 [hsrmod:ChargeIcon] , deal !D! physical damage (!TR!) to all enemies.",8,1,,,,,12,,,,智识,物理,中
CivilizationCorrespondent,Civilization Correspondent,COMMON,SKILL,SELF,1,Use all [hsrmod:ChargeIcon] . Gain 1 Block per 10 [hsrmod:ChargeIcon] used.,,,,,,Use all [hsrmod:ChargeIcon] . Gain 1 Block per 10 [hsrmod:ChargeIcon] used and draw 1 card per 100 [hsrmod:ChargeIcon] used.,,,,,智识,,中
PenMan,Penman,COMMON,SKILL,SELF,0,"Retain. Discard 1 card, gain !M! [hsrmod:ChargeIcon] . If [hsrmod:ChargeIcon] is not full, return this card to your hand.",,,,40,,"Retain. Discard 1 card, gain !M! [hsrmod:ChargeIcon] (or choose not to discard and Exhaust [E] to gain double [hsrmod:ChargeIcon] ). If [hsrmod:ChargeIcon] is not full, return this card to hand.",,,,,智识,,中
Jade2,Vow of the Deep,UNCOMMON,ATTACK,ALL_ENEMY,1,"Use 140 [hsrmod:ChargeIcon] , Deal !D! quantum damage (!TR!) to all enemies. Lose 2 HP per AoE card in hand and reduce its cost by 1 this turn.",8,2,,,,,12,,,,智识,量子,低
SilverheartGuards,Silverheart Guards,UNCOMMON,POWER,SELF,2,"After consuming [hsrmod:ChargeIcon] , draw 1 card from the draw pile and gain !M! Block.",,,,2,,,,,,,智识,,中
SMR2Amygdala,SMR-2 Amygdala,RARE,POWER,SELF,2,Gain 1 layer of hsrmod:Brain-In-A-Vat at the start of each turn. [hsrmod:ChargeIcon] would always be at least !M!.,,,,50,1,,,,,,智识,,中
Kolchis,Kolchis,RARE,POWER,SELF,3,Recover [E] for every !M! [hsrmod:ChargeIcon] consumed.,,,,100,,Innate. Recover [E] for every !M! [hsrmod:ChargeIcon] consumed.,,,,,智识,,高
Aggregator,Aggregator,UNCOMMON,SKILL,SELF,1,"Exhaust. Use !M! [hsrmod:ChargeIcon] . Draw 1 card per other Exhaust-cost card in hand, recover [E] and gain 40 [hsrmod:ChargeIcon] .",,,,120,,"Use !M! [hsrmod:ChargeIcon] . Draw 1 card per other Exhaust-cost card in hand, recover [E] and gain 40 [hsrmod:ChargeIcon] , and this card’s cost doubles for the rest of the battle.",,,,60,智识,,中
BCI34GrayMatter,BC-I34 Gray Matter,COMMON,SKILL,SELF,1,Gain !M! layers of hsrmod:Brain-In-A-Vat .,,,,2,,Innate. Gain !M! layers of hsrmod:Brain-In-A-Vat .,,,,3,智识,,高
MakeTheWorldClamor,Make The World Clamor,COMMON,SKILL,SELF,0,Exhaust. Set [hsrmod:ChargeIcon] to max.,,,,,,Set [hsrmod:ChargeIcon] to max.,,,,,智识,,中
LoadStriatedCortex,Load: Striated Cortex,UNCOMMON,POWER,SELF,2,"When playing an AoE attack card, if there are only 1/2/3 enemies, damage +6/2/1.",,,,2,,"When playing an AoE attack card, if there are only 1/2/3 enemies, damage +9/3/1.",,,,3,智识,,低
TheHerta1,Told Ya! Magic Happens,UNCOMMON,ATTACK,ALL_ENEMY,2,"Use 220 [hsrmod:ChargeIcon] , Deal !D! quantum damage (!TR!) to all enemies. If there’s another Exhaust-cost card in hand, deal 1 more hit to the monster with most health.",14,1,,1,,"Use 220 [hsrmod:ChargeIcon] , Deal !D! quantum damage (!TR!) to all enemies. If there’s another Exhaust-cost card, deal 1 more hit to the monster with most health; if there’s another AoE card, deal 1 more hit to it again.",,,,,智识,冰,低
TerminalNirvana,Terminal Nirvana,RARE,SKILL,SELF,2,Exhaust. Retain. Consume !M! [hsrmod:ChargeIcon] to gain 1 layer of Intangible.,,,,120,,"Retain. Consume !M! [hsrmod:ChargeIcon] to gain 1 layer of Intangible, and this card’s cost doubles for the rest of the battle.",,,,60,智识,,中
Erudition,Erudition,SPECIAL,SKILL,NONE,-2,,,,,,,,,,,,智识,,
Imprison,Imprison,COMMON,STATUS,NONE,1,"When enters hand, lose all [hsrmod:ChargeIcon] . When in hand, unable to gain any [hsrmod:ChargeIcon] . When losing, obtain all [hsrmod:ChargeIcon] lost.",,,,,,,,,,,,,
Frozen,Frozen,COMMON,STATUS,NONE,-2,Retain. Can not be played.,,,,,,,,,,,,,
Entangle,Entangle,COMMON,STATUS,NONE,-2,Binds with random !M! cards. Would play other binded cards when one of them is played (costs [E] ).,,,,2,,,,,,,,,
,,,,,,,,,,,,,,,,,,,
,,,,,,,,,,,,,,,,,,,
,,,,,,,,,,,,,,,,,,,
,,,,,,,,,,,,,,,,,,,
,,,,,,,,,,,,,,,,,,,
,,,,,,,,,,,,,,,,,,,
,,,,,,,,,,,,,,,,,,,
,,,,,,,,,,,,,,,,,,,
,,,,,,,,,,,,,,,,,,,
,,,,,,,,,,,,,,,,,,,
