ID,牌名,稀有度,类型,目标,费用,描述,伤害值,格挡值,特殊值,费用+,强化版描述,伤害值+,格挡值+,特殊值+,命途,属性,象限
Trailblazer1,再见安打,BASIC,ATTACK,ENEMY,1,造成 !D! 点伤害（物理 !M! ）。,6,,2,,,9,,,开拓,物理,攻击
March7th0,极寒的弓矢,BASIC,ATTACK,ENEMY,1,造成 !D! 点伤害（冰 !M! ）。,6,,2,,,9,,,开拓,冰,攻击
Danheng0,云骑枪术・朔风,BASIC,ATTACK,ENEMY,1,造成 !D! 点伤害（风 !M! ）。,6,,2,,,9,,,开拓,风,攻击
Himeko0,武装调律,BASIC,ATTACK,ENEMY,1,造成 !D! 点伤害（火 !M! ）。,6,,2,,,9,,,开拓,火,攻击
Welt0,重力压制,BASIC,ATTACK,ENEMY,1,造成 !D! 点伤害（虚数 !M! ）。,6,,2,,,9,,,开拓,虚数,攻击
Trailblazer2,全胜・安息全垒打,BASIC,ATTACK,ALL_ENEMY,0, hsrmod:耗能 120，群体：造成 !D! 点伤害（物理 !M! ）。,4,,2,,,6,,,开拓,物理,攻击
Trailblazer3,炽燃不灭的琥珀,BASIC,SKILL,SELF,1,获得 !B! 点格挡。,,5,,,,,8,,开拓,,防御
Sushang1,太虚形蕴 ・ 烛夜,COMMON,ATTACK,ENEMY,1,获得 !M! 层 hsrmod:击破特攻 ，造成 !D! 点伤害（物理3），若 hsrmod:击破 ，则摸 !M! 张牌。,4,,2,,获得 !M! 层 hsrmod:击破特攻 ，造成 !D! 点伤害（物理3），然后若其有 hsrmod:击破状态 ，则摸 !M! 张牌。,,,3,毁灭,物理,运转
Sushang2,游刃有余,COMMON,SKILL,SELF,1,获得 !M! 层 hsrmod:击破特攻 ，每有一名敌人有 hsrmod:击破状态 ，你便回复1点 [E] 。,,,2,,,,,3,毁灭,,运转
Tingyun1,庆云光覆仪祷,COMMON,SKILL,SELF,0, hsrmod:耗能 10，获得 !M! 点 [hsrmod:ChargeIcon] 和1层 力量 。,,,50,, hsrmod:耗能 10，获得 !M! 点 [hsrmod:ChargeIcon] 和1层 力量 ，摸1张牌。,,,60,智识,,运转
Qingque1,海底捞月,COMMON,SKILL,SELF,1,摸1张牌， !M! %概率回复1点 [E] ， !M! %概率将此牌返还手卡。,,,66,,,,,75,繁育,,运转
Qingque2,帝垣翔鳞和绝张,COMMON,ATTACK,ALL_ENEMY,4,你每消耗1点 [E] ，此牌便有50%概率减少1点 [E] 消耗 。 [E] 消耗为0时 hsrmod:追击 。 NL 群体：造成 !D! 点伤害（量子1） !M! 次。,5,,2,,,,,3,欢愉,量子,攻击
Sampo1,反复横跳的爱,COMMON,ATTACK,ENEMY,1, hsrmod:弹射 !M! 次：造成 !D! 点伤害（风1），施加1层 hsrmod:风化 。,1,,3,,,,,4,虚无,风,攻击
Pela1,领域压制,COMMON,ATTACK,ALL_ENEMY,1, hsrmod:耗能 100，群体：造成 !D! 点伤害（冰2），施加 !M! 层 易伤 。,6,,1,0,,,,,虚无,,攻击
Serval1,电光石火间,COMMON,ATTACK,ALL_ENEMY,1,群体：造成 !D! 点伤害（雷2），施加 !M! 层 hsrmod:触电 。,1,,2,,,2,,3,虚无,雷,攻击
Herta1,还是我来吧,COMMON,ATTACK,ALL_ENEMY,1,你的回合内，若有敌人的生命值降至50%以下，则 hsrmod:追击 。 NL 群体：造成 !D! 点伤害（冰1）。,8,,,,,12,,,欢愉,冰,攻击
Asta1,流星群落,COMMON,ATTACK,ENEMY,1, hsrmod:弹射 !M! 次：造成 !D! 点伤害（火1），每对一个不同的敌人造成伤害，获得1层 力量 。,2,,2,,,,,3,巡猎,火,攻击
March7th1,可爱即是正义,COMMON,SKILL,SELF,1,获得 !B! 点格挡，移除一层负面效果，获得加护（你受到伤害时，若你有格挡，则获得一张「少女的特权」）。,,3,,,获得 !B! 点格挡，移除一层负面效果，获得加护（你受到伤害时，若你有格挡，则获得 !B! 点格挡，并获得一张「少女的特权」）。,,,,欢愉,,防御
March7th2,少女的特权,SPECIAL,ATTACK,SELF,-2, 消耗 。回合开始时 hsrmod:追击 。 NL 获得 !B! 点格挡，造成 !D! 点伤害（冰1）。,3,2,,,,,,,欢愉,冰,防御
March7th3,冰刻箭雨之时,COMMON,ATTACK,ALL_ENEMY,2, hsrmod:耗能 120，群体：造成 !D! 点伤害（冰2），有50%概率施加 !M! 层 hsrmod:冻结 。,2,,1,,,,,2,记忆,冰,防御
Yukong1,天阙鸣弦,COMMON,SKILL,SELF,0,获得当前 [E] 数量的临时 力量 。,,,1,,获得当前 [E] 数量 + !M! 层的临时 力量 。,,,,繁育,,攻击
Luka1,裂伤拳,COMMON,ATTACK,ENEMY,1,执行 !M! 次：造成 !D! 点伤害（物理1），施加1层 hsrmod:裂伤 。,1,,3,,,,,4,虚无,物理,攻击
Guinaifen1,迎面开门红,COMMON,ATTACK,ENEMY,1,造成 !D! 点伤害（火2），施加 !M! 层 hsrmod:灼烧 和1层 易伤 。,1,,2,,造成 !D! 点伤害（火2），施加 !M! 层 hsrmod:灼烧 ，然后对有 hsrmod:灼烧 的敌人依次施加1层 易伤 。,,,3,虚无,火,攻击
Hanya1,生灭系缚,COMMON,ATTACK,ENEMY,1, 消耗 。造成 !D! 点伤害（物理2），施加 !M! 层承负（成为牌的目标后移除1层，你回复 [E] ，回合开始时移除所有层）。,4,,2,,,7,,,繁育,物理,运转
Xueyi1,十王圣断，业报恒常,COMMON,ATTACK,ENEMY,8,你削韧后，此牌减少削韧值数量的 [E] 消耗 。 [E] 消耗为0时 hsrmod:追击 。 NL 对 hsrmod:韧性 最多的敌人造成其 hsrmod:韧性 绝对值数量的伤害（量子 !M! ）。,,,3,,,,,5,毁灭,量子,攻击
Gallagher1,香槟仪礼,COMMON,ATTACK,ENEMY,1, hsrmod:耗能 110，摸 !M! 张牌，造成 !D! 点伤害（火 !M! ），若 hsrmod:击破 ，对其施加 格挡返还 。,2,,2,, hsrmod:耗能 110，摸 !M! 张牌，造成 !D! 点伤害（火 !M! ），然后若其有 hsrmod:击破状态 ，对其施加 格挡返还 。,,,3,毁灭,火,防御
Yanqing1,快雨燕相逐,UNCOMMON,ATTACK,ENEMY,2, hsrmod:耗能 140，造成 !D! 点伤害（冰2），若你有格挡，则伤害翻倍；60%概率获得1张「呼剑如影」。,12,,,, hsrmod:耗能 140，造成 !D! 点伤害（冰2），若你有格挡，则伤害翻倍；60%概率获得1张「呼剑如影+」。,16,,,欢愉,冰,攻击
Yanqing2,呼剑如影,SPECIAL,ATTACK,ENEMY,-2, 消耗 。回合开始时，若自从上回合结束没有受到过未被格挡的伤害，则 hsrmod:追击 。 NL 造成 !D! 点伤害（冰1）， !M! %概率施加1层 hsrmod:冻结 。,8,,65,,,10,,100,欢愉,冰,攻击
Clara1,因为我们是家人,UNCOMMON,SKILL,SELF,-2,回合开始时，若你于上回合结束后受到过伤害，则 hsrmod:追击 。 NL 你获得 !B! 点格挡，手中每有一张 hsrmod:追击 牌，额外获得 !M! 点。,,4,2,,,,5,3,欢愉,物理,攻击
Gepard1,永屹之壁,UNCOMMON,SKILL,SELF,0, hsrmod:耗能 100，获得 !B! 点格挡。,,12,,,,,20,,存护,,防御
Bronya1,作战再部署,UNCOMMON,SKILL,SELF,1,获得 !M! 层 力量 ，从摸牌堆选择1张牌获得。,,,1,, 固有 。获得 !M! 层 力量 ，从摸牌堆选择1张牌获得。,,,,欢愉,,运转
Welt1,虚空断界,UNCOMMON,ATTACK,ENEMY,1, hsrmod:弹射 !M! 次：造成 !D! 点虚数属性伤害，对其施加1层 hsrmod:禁锢 。,3,,2,,,,,3,虚无,虚数,防御
Himeko1,乘胜追击,UNCOMMON,ATTACK,ALL_ENEMY,3, hsrmod:击破 后 hsrmod:追击 。群体：造成 !D! 点伤害（火1） !M! 次。,6,,2,,,,,3,欢愉,火,攻击
Seele1,乱蝶,UNCOMMON,ATTACK,ENEMY,2,此牌可以重复升级，每升级一次，伤害+ !M! 。 NL hsrmod:耗能 120，造成 !D! 点伤害（量子3），若 斩杀 ，回复 [E] ，将此牌返还手卡，并永久升级此牌。,12,,3,,,,,,巡猎,量子,攻击
JingYuan1,斩勘神形,UNCOMMON,ATTACK,ENEMY,10,你打出牌后，此牌减少1点 [E] 消耗 。 [E] 消耗为0时 hsrmod:追击 。 NL hsrmod:弹射 !M! 次：造成 !D! 点伤害（雷1）。,4,,3,,,,,4,欢愉,雷,攻击
Luocha1,白花的祈望,UNCOMMON,SKILL,SELF,0, 保留 。 消耗 。回复 [E] 和 !M! 点生命（若生命值小于50%则回复量翻倍），净化随机1个负面效果，消耗1张牌。,,,2,, 保留 。 消耗 。回复 [E] 和 !M! 点生命（若生命值小于50%则回复量翻倍），净化随机1个负面效果，消耗任意张牌。,,,,丰饶,,防御
SilverWolf1,|账号已封禁|,UNCOMMON,ATTACK,ENEMY,1, hsrmod:耗能 110。造成 !D! 点伤害（量子4），对其施加1层 易伤 ，1层 虚弱 。,6,,,, hsrmod:耗能 110。造成 !D! 点伤害（量子4），对其施加1层 易伤 ，1层 虚弱 ，其失去1层 力量 。,8,,,虚无,量子,攻击
Blade1,倏忽恩赐,UNCOMMON,ATTACK,ALL_ENEMY,1,你于回合内生命值变化后 hsrmod:追击 。失去5%当前生命值，群体：造成你 !M! %生命值上限数量（ !D! ）的伤害（风2）。,,,20,,,,,30,欢愉,风,攻击
Kafka1,温柔亦同残酷,UNCOMMON,ATTACK,ENEMY,1,对有 hsrmod:持续伤害 的敌人打出牌后 hsrmod:追击 。造成 !D! 点伤害（雷2），触发其随机1个 hsrmod:持续伤害 !M! 次，然后施加 !M! 层 hsrmod:触电 。,1,,2,,,,,3,虚无,雷,攻击
Kafka2,悲剧尽头的颤音,UNCOMMON,ATTACK,ALL_ENEMY,1, hsrmod:耗能 120，群体：造成 !D! 点伤害（雷2），触发其所有 hsrmod:持续伤害 1次，然后施加 !M! 层 hsrmod:触电 。,3,,1,,,,,2,虚无,雷,攻击
ImbibitorLunae1,龙力自在,UNCOMMON,ATTACK,ENEMY,-1,若X为0/1/2/3及以上，造成 !D! 点伤害（虚数1）2/3/5/7次。获得20X点 [hsrmod:ChargeIcon] 。,3,,,,,5,,,繁育,虚数,攻击
FuXuan1,天律大衍，历劫归一,UNCOMMON,ATTACK,ALL_ENEMY,1, 消耗 。 hsrmod:耗能 130，回复已损失生命值的10%，获得 !M! 层 敏捷 。,,,2,,,,,3,存护,,防御
TopazNumby1,支付困难？,UNCOMMON,POWER,SELF,1, hsrmod:追击 后，叠加1层（至多叠加2层），然后若有2层，且没有「猪市？！」，则移除2层，并获得1张。,,,,, hsrmod:追击 后，叠加1层（至多叠加2层），然后若有2层，且没有「猪市？！+」，则移除2层，并获得1张。,,,,欢愉,,攻击
TopazNumby2,猪市？！,SPECIAL,ATTACK,ENEMY,-2, 消耗 。 hsrmod:追击 后 hsrmod:追击 。造成 !D! 点伤害（火1）。,6,,,,,8,,,欢愉,火,攻击
TopazNumby3,未来市场,UNCOMMON,ATTACK,ENEMY,1,造成 !D! 点伤害（火1），移除场上的负债证明，对其施加负债证明（受到的 hsrmod:追击 攻击牌的伤害+ !M! 。 hsrmod:追击 选择目标时，优先选择其）。,4,,2,,造成 !D! 点伤害（火1），移除场上的负债证明，对其施加负债证明（受到的 hsrmod:追击 攻击牌的伤害+ !M!。 hsrmod:追击 选择目标时，优先选择其）。,6,,3,欢愉,火,攻击
Huohuo1,凭附气通天真,UNCOMMON,SKILL,SELF,0, 消耗 。 hsrmod:耗能 140，获得 [E] ，获得以下效果直到回合结束： NL 打出牌后，回复1点生命，10点 [hsrmod:ChargeIcon] ，并移除1层负面效果。,,,,, 消耗 。 hsrmod:耗能 140，获得 [E] ，获得以下效果直到回合结束： NL 打出牌后，或消耗 [hsrmod:ChargeIcon] 后，回复1点生命，10点 [hsrmod:ChargeIcon] ，并移除1层负面效果。,,,,智识,,防御
Argenti1,驻于花庭，赐与尽美,UNCOMMON,SKILL,ALL_ENEMY,1, 保留 。重复执行，直到 [hsrmod:ChargeIcon] 不足： NL hsrmod:耗能 140，群体：造成 !D! 点伤害（物理2），回复10 [hsrmod:ChargeIcon] 。 ,10,,,,,15,,,智识,物理,攻击
RuanMei1,慢捻抹复挑,UNCOMMON,SKILL,SELF,1,获得 !M! 层 hsrmod:击破效率 ，获得 !M! 层 hsrmod:击破特攻 。,,,2,,获得 !M! 层 hsrmod:击破效率 ，获得 !M! 层 hsrmod:击破特攻 ，令你的 hsrmod:击破效率 至少会有1层。,,,,毁灭,,攻击
RuanMei2,摇花缎水，沾衣不摘,UNCOMMON,SKILL,SELF,1, hsrmod:耗能 130，群体：施加1层残梅绽（失去 hsrmod:击破状态 时，移除1层并防止之）。,,,1,0,,,,,毁灭,,攻击
DrRatio1,三段悖论,UNCOMMON,ATTACK,ENEMY,1, hsrmod:耗能 140，造成 !D! 点伤害（虚数3），施加智者的短见，获得 !M! 张「我思故我在」。,5,,2,,,,,3,欢愉,虚数,攻击
DrRatio2,精神助产术,UNCOMMON,ATTACK,ENEMY,1,造成 !D! +X点伤害（虚数2）（X为其负面效果数）；施加智者的短见，获得1张「我思故我在」。,5,,1,,造成 !D! +X点伤害（虚数2）（X为其负面效果数）；施加智者的短见，获得1张「我思故我在+」。,7,,,欢愉,虚数,攻击
DrRatio3,我思故我在,SPECIAL,ATTACK,ENEMY,-2, 消耗 。你对有智者的短见的目标造成伤害后，有40%+X*20%概率 hsrmod:追击 （X为其负面效果数）。 NL 造成 !D! 点伤害（虚数1）。,5,,1,, 消耗 。你对有智者的短见的目标造成伤害后，有40%+X*20%概率 hsrmod:追击 （X为其负面效果数）。 NL 造成 !D! +X点伤害（虚数1）。,,,,欢愉,虚数,攻击
BlackSwan1,无端命运的机杼,UNCOMMON,ATTACK,ENEMY,1,造成 !D! 点伤害（风2），施加 !M! 层 hsrmod:风化 和1层揭露（触发 hsrmod:持续伤害 时，不会移除 hsrmod:持续伤害 的层数，回合结束时移除1层）。,2,,1,,群体：造成 !D! 点伤害（风2），施加 !M! 层 hsrmod:风化 和1层揭露（触发 hsrmod:持续伤害 时，不会移除 hsrmod:持续伤害 的层数，回合结束时移除1层）。,,,2,虚无,风,攻击
BlackSwan2,沉醉于彼界的臂湾,UNCOMMON,SKILL,ENEMY,2, hsrmod:耗能 120，依次施加1层 hsrmod:触电 ，1层 hsrmod:灼烧 ，1层 hsrmod:裂伤 和 !M! 层 hsrmod:风化 。,,,3,,,,,5,虚无,,攻击
Sparkle1,梦游鱼,UNCOMMON,SKILL,SELF,0, 消耗 。摸 [E] 数量的牌。,,,,, 固有 。摸 [E] 数量的牌。,,,,繁育,,运转
Sparkle2,一人千役,UNCOMMON,SKILL,SELF,-1, 消耗 。 hsrmod:耗能 110，获得2X点 [E] ，然后杀死你的其他「一人千役」。,,,,, 固有 。 hsrmod:耗能 110，获得2X点 [E] （至多为你能量上限的数量），然后杀死你的其他「一人千役」。,,,,繁育,,运转
Acheron1,红叶时雨，万倾一空,UNCOMMON,POWER,SELF,3, 虚无 。你打出牌后，若此牌对敌人施加了负面效果，则叠加1层 hsrmod:残梦 ，至多12层。,5,,5,, 固有 。 虚无 。你打出牌后，若此牌对敌人施加了负面效果，则叠加 hsrmod:残梦 ，至多12层。,,,,虚无,雷,攻击
Aventurine1,枪口以右,UNCOMMON,POWER,SELF,2,当你受到伤害后，若你有格挡，获得4层 hsrmod:盲注 ；当你 hsrmod:追击 后，获得2层 hsrmod:盲注 ；至多10层。,7,7,,, 固有 。当你受到伤害后，若你有格挡，获得5层 hsrmod:盲注 ；当你 hsrmod:追击 后，获得3层 hsrmod:盲注 ；至多10层。你于回合外通过 hsrmod:盲注 获得格挡时，下回合格挡不会消失。,,,,欢愉,虚数,防御
Aventurine2,繁荣基石,UNCOMMON,SKILL,SELF,1,通过牌获得格挡后 hsrmod:追击 。获得1~ !B! 点格挡 !M! 次。使你的格挡保留1回合。,,7,1,,,,,2,欢愉,,防御
Robin1,即兴装饰,UNCOMMON,SKILL,SELF,1,摸 !M! 张牌，获得以下效果：当你打出牌后，获得1层 力量 ，若为 hsrmod:追击 牌，则回复20点 [hsrmod:ChargeIcon] 。下回合开始时，移除此效果，和以此法获得的 力量 。,,,2,,,,,3,欢愉,,运转
Robin2,千音迭奏，群星赋格,UNCOMMON,SKILL,SELF,-1, hsrmod:耗能 140，摸X张牌，依次打出手牌中随机X张牌（若为 hsrmod:追击 牌则触发 hsrmod:追击 ）。,,,,, hsrmod:耗能 140，摸X张牌，依次打出手牌中随机X张牌（若为 hsrmod:追击 牌则触发 hsrmod:追击 ，且不消耗X）。,,,,欢愉,,攻击
Trailblazer5,喧嚣的舞灯巡游,UNCOMMON,POWER,SELF,2, hsrmod:耗能 140。打出的牌造成首次伤害后，若其有 hsrmod:击破状态 ，则对其造成伤害削韧值的 hsrmod:击破伤害 。,,,2,, 固有 。 hsrmod:耗能 140。打出的牌造成首次伤害后，若其有 hsrmod:击破状态 ，则对其造成伤害削韧值的 hsrmod:击破伤害 。,,,3,毁灭,,攻击
Trailblazer6,卫我起舞,UNCOMMON,SKILL,SELF,1,获得 !M! 层 hsrmod:击破特攻 ，若你没有打出过喧嚣的舞灯巡游，则获得之，否则再获得 !M! 层 hsrmod:击破特攻 。,,,2,, 固有 。获得 !M! 层 hsrmod:击破特攻 ，若你没有打出过喧嚣的舞灯巡游，则获得之，否则再获得 !M! 层 hsrmod:击破特攻 。,,,3,毁灭,,攻击
Boothill1,炽砾舞者的探戈,UNCOMMON,ATTACK,ENEMY,2,造成 hsrmod:击破特攻 数量的伤害（物理 !M! ） !M! 次，若 hsrmod:击破 ，造成其 hsrmod:韧性 上限的 hsrmod:击破伤害 ；否则将此牌返还手卡，并于此回合 保留 。,,,2,,造成 hsrmod:击破特攻 数量的伤害（物理 !M! ） !M! 次，然后若其有 hsrmod:击破状态 ，造成其 hsrmod:韧性 上限的 hsrmod:击破伤害 ；否则将此牌返还手卡，并于此回合 保留 。,,,,毁灭,物理,攻击
Boothill2,击锤连弩,UNCOMMON,ATTACK,ENEMY,1,造成 !D! 点伤害（物理 !M! ），若没有击破，则将此牌返还手卡。,4,,5,,,,,8,毁灭,物理,攻击
Firefly1,自破碎的天空坠落,UNCOMMON,ATTACK,ENEMY,1,造成 hsrmod:击破特攻 数量的伤害（火 !M! ），然后若其有 hsrmod:击破状态 ，则将此牌返还手卡。,,,3,,,,,4,毁灭,火,攻击
Firefly2,绽放在终竟的明天,UNCOMMON,POWER,SELF,0, hsrmod:耗能 240，消耗 !M! 点生命。 hsrmod:击破 后，对其造成其 hsrmod:韧性 上限的 hsrmod:击破伤害 ，获得1层 hsrmod:击破效率 ，获得自破碎的天空坠落。,,,3,,获得此牌时，将 [hsrmod:ChargeIcon] 补充至120。 hsrmod:耗能 240，消耗 !M! 点生命。 hsrmod:击破 后，对其造成其 hsrmod:韧性 上限的 hsrmod:击破伤害 ，获得1层 hsrmod:击破效率 ，获得自破碎的天空坠落。,,,,毁灭,,攻击
Jade1,剔烁之牙,UNCOMMON,ATTACK,ALL_ENEMY,1,摸牌时 hsrmod:追击 。失去1点生命，摸 !M! 张牌，群体：造成手牌数量（ !D! ）的伤害（量子2）。,0,,3,,,,,4,欢愉,量子,攻击
Yunli1,剑为地纪，刃惊天宗,UNCOMMON,ATTACK,ALL_ENEMY,-2, 保留 。你受到伤害时，伤害- !M! ，且回复10 [hsrmod:ChargeIcon] 。回合开始时，若你于上回合结束后受到过伤害，则 hsrmod:追击 。 NL 重复执行，直到 [hsrmod:ChargeIcon] 不足： NL hsrmod:耗能 120， hsrmod:弹射 2次：造成 !D! 点伤害（物理1）。,6,,2,,,,,4,欢愉,物理,攻击
Jiaoqiu1,鼎阵妙法，奇正相生,UNCOMMON,ATTACK,ALL_ENEMY,2, hsrmod:耗能 100，获得 !M! 张「烬煨」，群体：造成 !D! 点伤害（火2），施加1层 易伤 。,2,,3,,,,,4,虚无,火,运转
Jiaoqiu2,烬煨,SPECIAL,ATTACK,ENEMY,0, 消耗 。造成 !D! 点伤害（火 !M! ），对其施加1层 hsrmod:灼烧 。,2,,1,,,,,,虚无,火,攻击
Lingsha1,幔亭缭霞,UNCOMMON,ATTACK,ENEMY,1, 消耗 。 hsrmod:耗能 110，造成 !D! 点伤害（火2），回复自己 hsrmod:击破特攻 数量的生命，施加1层醇醉（被 hsrmod:击破 后移除1层，你回复 [E] [E] ，摸 !M! 张牌，然后在本场战斗中升级当前所有手牌）。,4,,2,, 消耗 。 hsrmod:耗能 110，造成 !D! 点伤害（火3），回复自己 hsrmod:击破特攻 数量的生命，施加1层醇醉（被 hsrmod:击破 后移除1层，你回复 [E] [E] [E] ，摸 !M! 张牌，然后在本场战斗中升级当前所有手牌）。,,,3,毁灭,火,攻击
Rappa1,忍 ・ 科学 ・ 堪忍袋,UNCOMMON,ATTACK,ALL_ENEMY,1,获得1层 hsrmod:击破特攻 ，群体：造成 !D! 点伤害（虚数 !M! ），若 hsrmod:击破 ，则重复此流程。,3,,2,,,4,,3,毁灭,虚数,攻击
BattlefieldMagician,战场魔术师,RARE,POWER,SELF,2,你 hsrmod:追击 后，获得 !M! 点格挡。,,,3,,你打出 hsrmod:追击 牌后，获得 !M! 点格挡。,,,4,欢愉,,防御
SlaughterhouseNo4RestInPeace,《四号屠场 ? 众生安眠》,RARE,POWER,SELF,2,你 hsrmod:追击 造成伤害后，若目标有 hsrmod:击破状态 ，则有 !M! %的概率摸1张牌。,,,80,,你打出 hsrmod:追击 牌造成伤害后，若受到伤害的目标有 / 没有 hsrmod:击破状态 ，则分别有 !M! % / 20%的概率摸1张牌。,,,,欢愉,,运转
UselessScholar,无用学者,RARE,POWER,SELF,3,你 hsrmod:追击 后，若你有50 [hsrmod:ChargeIcon] ，则有 !M! %的概率消耗之， hsrmod:追击 一张 hsrmod:追击 牌。,,,66,2,你打出 hsrmod:追击 牌后，若你有50 [hsrmod:ChargeIcon] ，则有 !M! %的概率消耗之， hsrmod:追击 一张 hsrmod:追击 牌。,,,,欢愉,,运转
BountyHunter,赏金猎人,RARE,POWER,SELF,1,你 hsrmod:追击 后，有 !M! %的概率将该牌返还手卡。,,,25,,你打出 hsrmod:追击 牌后，有 !M! %的概率将该牌返还手卡。,,,33,欢愉,,运转
VineyardAgainstTheNight,《葡萄庄园 ? 抵抗黑夜》,RARE,SKILL,SELF,1,获得1层 hsrmod:回味 。,,,1,, 固有 。 消耗 。获得1层 hsrmod:回味 。,,,,欢愉,,攻击
Symbiote,共生体,RARE,POWER,SELF,2, hsrmod:击破 后，回复 [E] [E] 。造成 hsrmod:击破伤害 后，摸1张牌。,,,,1,,,,,毁灭,,运转
RegressionInequalityOfAnnihilation,湮灭回归不等式,RARE,SKILL,ALL,0,令所有个体（包括你）平均分摊 hsrmod:韧性 ，且你的权重为 !M! 。,,,2,,,,,3,毁灭,,防御
CourtOfHomogeneity,同态法庭,RARE,ATTACK,ENEMY,1, 消耗 。若其 hsrmod:韧性 数少于你，造成你与其 hsrmod:韧性 数之差的 hsrmod:击破伤害 。,,,,,若其 hsrmod:韧性 数少于你，造成你与其 hsrmod:韧性 数之差的 hsrmod:击破伤害 。,,,,毁灭,,攻击
VoyageMonitor,远航监护员,RARE,POWER,SELF,1, hsrmod:击破 后，获得其 hsrmod:韧性 上限的 hsrmod:韧性 。,,,,, hsrmod:击破 后，获得其 hsrmod:韧性 上限的 hsrmod:韧性 。造成 hsrmod:击破伤害 后，获得1层 hsrmod:韧性 。,,,,毁灭,,防御
DisruptivePulse,扰乱性脉冲,RARE,ATTACK,ENEMY,2, 消耗 。 hsrmod:耗能 80，造成 hsrmod:击破特攻 数量的伤害（火 !M! ），若 hsrmod:击破 ，则将 [hsrmod:ChargeIcon] 和 [E] 回复至上限。,0,,4,1,,,,6,毁灭,火,运转
PreBattleCaregiver,战前关怀员,UNCOMMON,ATTACK,ENEMY,1,造成 !D! 点物理伤害（ !M! ），若 hsrmod:击破 ，获得其 hsrmod:韧性 上限的格挡。,4,,4,,造成 !D! 点物理伤害（ !M! ），然后若其有 hsrmod:击破状态 ，获得其 hsrmod:韧性 上限的格挡。,6,,6,毁灭,物理,防御
Wastelander,废土客,COMMON,ATTACK,ENEMY,1,造成 !D! 点伤害（雷 !M! ），若 hsrmod:击破 ，则摸其负面效果数量的牌。,4,,4,,造成 !D! 点伤害（雷 !M! ），然后若其有 hsrmod:击破状态 ，则摸其负面效果数量的牌。,,,6,毁灭,雷,运转
NightBeyondPyre,火堆外的夜,COMMON,SKILL,SELF,1, 消耗 。若你没有 hsrmod:击破效率 ，则获得 !M! 层。若你没有格挡，则获得 !B! 点。,,4,2,, 固有 。若你没有 hsrmod:击破效率 ，则获得 !M! 层。若你没有格挡，则获得 !B! 点。,,8,,毁灭,,防御
StarcrusherWorker,碎星C役,COMMON,SKILL,ENEMY,0,移除 !M! 层 hsrmod:韧性 （至少保留1层），若你的 hsrmod:韧性 少于其，则你获得等量的 hsrmod:韧性 。,,,5,,,,,8,毁灭,,防御
CleftSingularity,突裂奇点,COMMON,SKILL,SELF,1, 消耗 。获得 !M! 层 hsrmod:击破特攻 。,,,5,,,,,7,毁灭,,运转
TheDoubtfulFourfoldRoot,怀疑的四重根,RARE,SKILL,ALL_ENEMY,1,令所有敌人的 hsrmod:持续伤害 层数+1。,,,,,令所有敌人的负面效果层数+1。,,,,虚无,,攻击
AllThingsArePossible,无根据颂歌,RARE,POWER,SELF,3,你打出攻击牌后，对其施加1个其没有的 hsrmod:持续伤害 。,,,,,你打出攻击牌后，若目标：有所有的 hsrmod:持续伤害 ，则随机触发1个，否则对其施加1个其没有的 hsrmod:持续伤害 。,,,,虚无,,攻击
AnExtraPersonsDiary,多余人的日记,RARE,POWER,SELF,2, hsrmod:持续伤害 的削韧值+1。 hsrmod:击破 后，对其施加X个随机的 hsrmod:持续伤害 （X为其 hsrmod:韧性 上限的十位数+1），并摸X张牌。,,,,, hsrmod:持续伤害 的削韧值+1。 hsrmod:击破 后，对其施加X个随机的 hsrmod:持续伤害 （X为其 hsrmod:韧性 上限的十位数+1），摸X张牌，其失去X层 力量 。,,,,虚无,,攻击
ThePathless,无神论者,RARE,SKILL,ALL_ENEMY,1,群体：施加1层 格挡返还 和 !M! 层 hsrmod:怀疑 。,,,10,, 固有 。群体：施加1层 格挡返还 和 !M! 层 hsrmod:怀疑 。,,,15,虚无,,防御
ReignOfKeys,钥匙的统治,RARE,POWER,SELF,2,敌人的 hsrmod:持续伤害 ：于其回合内触发时，你摸1张牌。于其回合外触发时，不会减少层数。,,,,,敌人的 hsrmod:持续伤害 触发时，你摸1张牌，然后若为其回合外，则不会减少层数。,,,,虚无,,攻击
FuneralOfSensoryPursuivant,感官追奉者的葬礼,UNCOMMON,POWER,SELF,2,敌人受到 hsrmod:持续伤害 后，对其施加3层 hsrmod:怀疑 。,,,,, 固有 。敌人受到 hsrmod:持续伤害 后，对其施加3层 hsrmod:怀疑 。敌人被施加 hsrmod:持续伤害 后，对其施加1层 hsrmod:怀疑 。,,,,虚无,,攻击
CallOfTheWilderness,旷野的呼告,UNCOMMON,SKILL,ALL_ENEMY,1,群体：施加 !M! 层 虚弱 。,,,2,,群体：施加 !M! 层 虚弱 ，若其 力量 绝对值不大于你，其失去 !M! 层 力量 。,,,3,虚无,,防御
CommonMortal,庸众凡夫,UNCOMMON,POWER,SELF,2,你消耗 [hsrmod:ChargeIcon] 后，对随机敌人施加1个 hsrmod:持续伤害 。你施加 hsrmod:持续伤害 时，获得 !M! 点 [hsrmod:ChargeIcon] 。,,,20,,你消耗 [hsrmod:ChargeIcon] 后，对随机敌人施加1个 hsrmod:持续伤害 。你施加负面效果时，获得 !M! 点 [hsrmod:ChargeIcon] 。,,,30,虚无,,运转
NightWatch,守夜人,COMMON,SKILL,SELF,1, hsrmod:持续伤害 最多的敌人每有一种，你获得 !B! 点格挡。,,3,,,负面效果最多的敌人每有一种，你获得 !B! 点格挡。,,,,虚无,,防御
SinThirster,血罪灵,COMMON,SKILL,SELF,1, hsrmod:持续伤害 最多的敌人每有一种，你便摸1张牌。,,,,,负面效果最多的敌人每有一种，你摸1张牌。,,,,虚无,,运转
OfferingsOfDeception,虚妄供品,COMMON,SKILL,ALL_ENEMY,1,获得 !B! 点格挡，对所有没有 hsrmod:持续伤害 的敌人施加1个 hsrmod:持续伤害 。,,3,,,获得 !B! 点格挡，对所有没有 hsrmod:持续伤害 的敌人施加1个 hsrmod:持续伤害 ，所有有全部 hsrmod:持续伤害 的敌人减少1层 力量 。,,5,,虚无,,防御
IntersegmentalMembrane,节间膜,RARE,POWER,SELF,2,你每消耗1点 [E] ，获得 !M! 点格挡。,,,2,,,,,3,繁育,,防御
FungalPustule,菌种脓疱,UNCOMMON,SKILL,SELF,1, 消耗 。回复 [E] [E] ，摸 !M! 张牌。,,,1,,回复 [E] [E] ，摸 !M! 张牌，然后此牌于此次战斗的摸牌量， [E] 消耗和获取量均+1。,,,,繁育,,运转
PhantomWorker,幻螟C役,UNCOMMON,SKILL,SELF,0,你获得 [E] 数量的格挡，并随机选择等量手牌，这些牌于此次战斗中升级。,,,,,你获得 [E] 数量的格挡，并选择等量手牌，这些牌于此次战斗中升级。,,,,繁育,,运转
Kolchis,科尔奇人,RARE,POWER,SELF,2,你消耗 [hsrmod:ChargeIcon] 后，回复 [E] 。你消耗 [E] 后，回复 !M! [hsrmod:ChargeIcon] 。,,,20,,,,,30,智识,,运转
Aggregator,聚合者,RARE,SKILL,SELF,1, 消耗 。你手牌中每有一张需要消耗 [hsrmod:ChargeIcon] 的卡，你便摸1张牌，并回复1点 [E] 和 !M! 点 [hsrmod:ChargeIcon] 。,,,20,,,,,40,智识,,运转
BCI34GrayMatter,BCI -34 型灰质,COMMON,SKILL,SELF,1,获得 !M! 层 hsrmod:罐中脑 。,,,2,, 固有 。获得 !M! 层 hsrmod:罐中脑 。,,,3,智识,,运转
TerminalNirvana,无余涅,RARE,SKILL,SELF,2, 消耗 。 保留 。消耗 !M! 点 [hsrmod:ChargeIcon] ，获得1层 无实体 。,,,120,, 保留 。消耗 !M! 点 [hsrmod:ChargeIcon] ，获得1层 无实体 ，然后此牌于此次战斗内所需 [hsrmod:ChargeIcon] 翻倍。,,,60,丰饶,,防御
DivineConstructMacrosegregation,神性构筑 ? 宏观偏析,RARE,POWER,SELF,2,你失去所有 敏捷 。你获得的格挡值增加100%，且回合开始时仅损失当前格挡的 !M! %。,,,66,,你获得的格挡值增加100%，且回合开始时仅损失当前格挡的 !M! %。,,,50,存护,,防御
TheArchitects,筑城者,COMMON,SKILL,SELF,1,你获得手牌数数量的格挡。,,,1,,你获得手牌数数量+ [E] 数量的格挡。,,,,存护,,防御
,,,,,,,,,,,,,,,,,
,,,,,,,,,,,,,,,,,
,,,,,,,,,,,,,,,,,
,,,,,,,,,,,,,,,,,
,,,,,,,,,,,,,,,,,
,,,,,,,,,,,,,,,,,
,,,,,,,,,,,,,,,,,
,,,,,,,,,,,,,,,,,
,,,,,,,,,,,,,,,,,
,,,,,,,,,,,,,,,,,
,,,,,,,,,,,,,,,,,
,,,,,,,,,,,,,,,,,
,,,,,,,,,,,,,,,,,
,,,,,,,,,,,,,,,,,
,,,,,,,,,,,,,,,,,
,,,,,,,,,,4,,,,,,,
